,,,"If you know of any political jobs boards that are not on this list (or if any of the ""Free to Post & Access"" information is incorrect) please email careers@arena.run",
,,,,
,,,,
,Top Campaign and Political Jobs Boards,,,
,Type,Anyone Can Access & Post for Free?,Name,Link
,Political,TRUE,Arena Careers,https://careers.arena.run/jobs
,Political,FALSE,American Association of Political Consultants,jobs.theaapc.org/jobseeker/search/results/
,Political,TRUE,Campaign Sick Jobserve,https://groups.google.com/g/campaignsick-jobserve
,Political,FALSE,DCCC,https://dccc.org/jobs/
,Political,FALSE,DGA,https://jobs.lever.co/dga
,Political,FALSE,DLCC,https://dlcc.org/careers/
,Political,FALSE,DNC,https://democrats.org/volunteer-interest-form/work-with-us/
,Political,FALSE,DNC State Party Jobs,https://democrats.org/who-we-are/state-parties/jobs/
,Political,FALSE,DSCC,https://www.dscc.org/about-us/jobs/
,Political,TRUE,Feminist Jobs,jobs.feminist.org/
,Political,FALSE,GAIN Power,gainpower.org/
,Political,FALSE,Grassroots Analytics Progressive Jobs Board,https://www.grassrootsanalytics.com/jobs-board
,Political,TRUE,Progressive Alumni Jobs,groups.google.com/u/1/g/progressive-alumni-jobs
,Political,TRUE,Progressive Data Jobs,progressivedatajobs.org/
,Political,TRUE,Progressive Jobs,groups.google.com/u/1/g/progressivejobs
,Political,TRUE,RePower Jobs,groups.google.com/u/1/g/repower-jobs
,Political,TRUE,Repro Jobs,reprojobs.org/jobs
,Political,FALSE,State Party Job Boards,docs.google.com/spreadsheets/d/1aHtWts4kHSReCr6IfTx3vEIjUf7wzHC-6-FbZ4gHBGc/
,Political,FALSE,Tom Manatos,tommanatosjobs.com/
,Political,FALSE,Union Jobs,unionjobs.com/staffing_list.php
,Political,FALSE,Work for Congress,workforcongress.com/categories/d-congress/
,Political,TRUE,Yasmin's Friends Looking For Political Jobs,groups.google.com/u/1/g/yasmins-friends-looking-for-political-jobs
,,,,
,Campaign and Political Job Email Lists,,,
,Political,TRUE,Daily Jobs Digest,https://arena.run/daily-job-digest
,Political,TRUE,Dino DNA,dinodna.org/
,Political,TRUE,EMILYs List,https://win.emilyslist.org/a/job_bank_signup
,Political,TRUE,DLCC Jobs List,https://dlcc.org/act/dlcc-jobs-list/
,Political,TRUE,NC Progressive Jobs,act.progressnc.org/signup/nc-progressive-jobs-list/?t=3&akid=.318024.b1SjTI
,Political,FALSE,Sujta Strategies,sujatastrategies.nyc/job-seekers
,Political,FALSE,Inclusiv,inclusv.com
,,,,
,Campaign and Political Talent Banks,,,
,Political,TRUE,Arena Talent Bank,https://arena.run/talent
,Political,TRUE,3.14 Action Talent Bank,https://airtable.com/appKeEPVoKHY7LwFp/shrJbeOkY706fjBAv?utm_source=arena
,Other Related Boards,TRUE,All Hands Talent Bank,https://www.all-hands.us/?utm_source=Arena
,Political,TRUE,Blue Dot Talent Bank,https://www.bluedotconsulting.us/resume-bank?utm_source=arena
,Political,TRUE,Brown Book,https://airtable.com/app1hBEDjdgLxMHkI/shr8j96Ek1oKgeTp4?emci=e437bcdf-67ab-ef11-88cf-6045bdfe8d29&emdi=99817a80-74ab-ef11-88cf-6045bdfe8d29&ceid=31978505
,Political,TRUE,DCCC Talent Bank,https://dccc.org/jobs/
,Political,TRUE,DGA Talent Bank,https://jobs.lever.co/dga
,Political,TRUE,Dino DNA Talent Bank,https://docs.google.com/forms/d/e/1FAIpQLSfwJRUDohxAawowZW8BW7ANvRH7lFY-lSRd9YB3VjpfJIWXOw/viewform
,Political,TRUE,DNC Resume Bank,https://ats.rippling.com/democratic-national-committee/jobs/18a72012-4531-42e5-bd79-1a183fd7107f?source=arena
,Political,TRUE,DSCC Talent Bank,https://www.dscc.org/about-us/jobs/?utm_source=arena
,Political,TRUE,EMILYs List Resume Bank,https://jobs.lever.co/emilyslist/20f401e2-c387-4840-b521-0e10319e4f85/?utm_source=arena
,Other Related Boards,TRUE,NRG Talent Bank,https://www.nrgconsulting.group/talent-network?source=arena
,Other Related Boards,TRUE,Tekalo Talent Bank,https://www.tekalo.org/sign-up/applicants?utm_source=arena
,Political,TRUE,Work for America,https://www.workforamerica.org/job-seekers
,Political,TRUE,Zinc Collective Talent Bank,https://share.hsforms.com/1yceJmFnQTzKjvoBZ9qBXPQ40v2r?utm_source=arena
,,,,
,Other Campaign and Political Jobs Boards,,,
,Political,TRUE,AAPN,AAPN Job Board
,Political,TRUE,Black Beltway,groups.google.com/u/1/g/blackbeltway
,Political,FALSE,Black Remote She,blackremoteshe.com
,Political,TRUE,Blue Digital Exchange,bluedigitalexchange.com/
,Political,TRUE,Campaigns and Elections,campaignsandelections.com/jobs/
,Political,FALSE,Christine's List,christineslist.org/
,Political,FALSE,Communications Network,comnetwork.org/jobs
,Political,FALSE,Daybook,daybook.com/
,Political,FALSE,Idealist,idealist.org/en/
,Political,TRUE,Illinois Progressive Network,groups.google.com/g/illinoisprogressivenetwork
,Political,FALSE,Matt Lockshin's Jobs,mattlockshin.com/job-board
,Political,TRUE,MI Progressive Jobs,groups.google.com/g/miprogressivejob
,Political,TRUE,Nadia's List,groups.google.com/u/1/g/nadiaslist
,Political,TRUE,Ohio Progressive Jobs,groups.google.com/u/1/g/ohioprogressivejobs
,Political,TRUE,Ops Next Job Board,groups.google.com/u/1/g/ops-next-job-board
,Political,TRUE,Organizers for America,organizersforamerica.org/page.php?id=89
,Political,TRUE,PCDC,groups.io/g/pcdc/topics
,Political,FALSE,Political Job Hunt,politicaljobhunt.com/
,Political,TRUE,Progressive Exchange,groups.google.com/u/0/g/progressive-exchange
,Political,TRUE,Progressive_Jobs,groups.google.com/u/1/g/progressive_jobs
,Political,TRUE,Progressphiles Slack,progressphiles.slack.com
,Political,FALSE,Traverse Jobs,traversejobs.com
,Political,TRUE,Young Democrats of Washington Jobs,groups.google.com/u/1/g/ydwa-job-listserv
,Political,TRUE,Gigs for People Who Are Smart & Care About Things,https://groups.google.com/a/strengthinmembers.com/g/sim-gigs
,Political,TRUE,Movement Builders,movementbuilders.us/
,Other Related Boards,FALSE,AASECT,careers.aasect.org/
,Other Related Boards,FALSE,Ability Jobs,abilityjobs.com/
,Other Related Boards,FALSE,All Hands,jobs.all-hands.us
,Other Related Boards,FALSE,Andrew Hudson's Jobs List,andrewhudsonsjobslist.com/
,Other Related Boards,TRUE,Careers in Non Profits,pnpstaffinggroup.com/job-board
,Other Related Boards,FALSE,Colorado Non-Profits,coloradononprofits.org/careers/?keyword=&category=&workEnviron=&jobType=&industry=&region=&compensationType=&salaryRange=&hourlyRange=&page=1
,Other Related Boards,TRUE,Common Good VT,commongoodvt.org/jobs/
,Other Related Boards,TRUE,Dan's List,dans-list.org
,Other Related Boards,TRUE,DC Public Affairs Jobs,publicaffairsjobs.blogspot.com/
,Other Related Boards,TRUE,Design Gigs for Good,groups.google.com/u/1/g/design-gigs-for-good
,Other Related Boards,TRUE,Diversified Search Group,diversifiedsearchgroup.com/executive-search/active-searches/?industry=0&_search=
,Other Related Boards,TRUE,DRI Waterstone,driwaterstonehc.com/available-positions/
,Other Related Boards,TRUE,Eds Job List,edsjobslist.substack.com/
,Other Related Boards,TRUE,Fairsay,fairsay.com/job-listing/
,Other Related Boards,TRUE,Fast Forward Accelerate Good,jobs.ffwd.org/jobs
,Other Related Boards,FALSE,Foundation List,foundationlist.org/
,Other Related Boards,FALSE,Generocity,generocity.org/jobs/
,Other Related Boards,TRUE,Global Charity Jobs,globalcharityjobs.com/
,Other Related Boards,FALSE,Global Impact Investing Newtork,jobs.thegiin.org
,Other Related Boards,TRUE,IM Search,imsearch.com/current-searches/open-searches
,Other Related Boards,FALSE,Impact Opportunity,impactopportunity.org/jobs
,Other Related Boards,FALSE,Job Scoop,jobscoop.org/
,Other Related Boards,FALSE,Lobbying Jobs,lobbyingjobs.com/
,Other Related Boards,FALSE,Mass Non-Profits,app.massnonprofitnet.org/jobs
,Other Related Boards,FALSE,MASSter List,massterlist.com/job-board/
,Other Related Boards,TRUE,MI Non-Profits,mnaonline.org/nonprofit-job-center/search-for-a-job
,Other Related Boards,FALSE,Mid-South Non-Profits,tnnonprofits.org/job-board
,Other Related Boards,FALSE,MN Non-Profits,jobs.minnesotanonprofits.org/
,Other Related Boards,FALSE,NJ Non-Profits,njnonprofits.org/JobListings.html
,Other Related Boards,FALSE,Non Profit Jobs,nonprofitjobs.org/
,Other Related Boards,FALSE,Northwest Non-Profits,philanthropynw.org/jobs-posts
,Other Related Boards,FALSE,NRG,https://www.nrgconsulting.group/current-searches
,Other Related Boards,FALSE,NTen,nten.org/jobs
,Other Related Boards,FALSE,PA Non-Profits,jobs.nonprofittalent.com/
,Other Related Boards,TRUE,Philanthropy News Digest,philanthropynewsdigest.org/jobs
,Other Related Boards,TRUE,Public Affairs Council,pac.org/jobs
,Other Related Boards,FALSE,Public Affairs Jobs,opajobs.com/
,Other Related Boards,TRUE,Public Interest Tech Jobs Board,civictechjobs.codeforamerica.org/?_gl=1*rhgglg*_ga*MTM0NjkzMjkxNi4xNjk2MzcxOTQy*_ga_E86H6WZB5K*MTY5NjM3MTk0Mi4xLjAuMTY5NjM3MTk0OS41My4wLjA.
,Other Related Boards,TRUE,Public Service Legal Careers,psjd.org
,Other Related Boards,TRUE,Rachel Meade Smith's Word of Mouth Newsletter,wordsofmouth.org/info
,Other Related Boards,TRUE,Second Day,https://www.secondday.org/
,Other Related Boards,TRUE,Scion Executive,scionexecutivesearch.com/search-jobs/
,Other Related Boards,TRUE,Simons Global,simmonsglobal.org/engage/job-board
,Other Related Boards,TRUE,Social Impact Jobs,wordsparkconsulting.com/social-impact-jobs
,Other Related Boards,FALSE,Tech Jobs for Good,techjobsforgood.com/
,Other Related Boards,TRUE,THE List DC,groups.google.com/g/The-List-DC?pli=1
,Other Related Boards,TRUE,THE List NYC,groups.google.com/g/THE-List-NYC
,Other Related Boards,TRUE,THE List San Francisco Bay,groups.google.com/g/the-list-SFBAY
,Other Related Boards,FALSE,The Rome Group,theromegroup.com/job-listings
,Other Related Boards,TRUE,Training Resources for the Environmental Community,trec.org/jobs
,Other Related Boards,TRUE,Usaak Jobs,linkedin.us11.list-manage.com/subscribe?u=0a26e7a5ccee4aaa78373d9d4&id=33b5e7e867
,Other Related Boards,TRUE,Women in Government Relations,wgr.org/Job_Board
,Other Related Boards,FALSE,Work for Good,workforgood.org/jobs/
,Other Related Boards,TRUE,Work for Progress,workforprogress.org/job-board/